"Row","Imbalance_Ratio","Sample_Size","Balance_Method","Model_Type","Threshold","Accuracy","Precision","Recall","F1_Score","TP","TN","FP","FN"
1,0.05,1000,"None","Logistic",0.3,0.95,0,0,0,0,285,0,15
2,0.05,1000,"None","Logistic",0.4,0.95,0,0,0,0,285,0,15
3,0.05,1000,"None","Logistic",0.5,0.95,0,0,0,0,285,0,15
4,0.05,1000,"None","Logistic",0.6,0.95,0,0,0,0,285,0,15
5,0.05,1000,"None","Logistic",0.7,0.95,0,0,0,0,285,0,15
6,0.05,1000,"None","DecisionTree",0.3,0.9367,0,0,0,0,281,4,15
7,0.05,1000,"None","DecisionTree",0.4,0.9367,0,0,0,0,281,4,15
8,0.05,1000,"None","DecisionTree",0.5,0.9367,0,0,0,0,281,4,15
9,0.05,1000,"None","DecisionTree",0.6,0.9367,0,0,0,0,281,4,15
10,0.05,1000,"None","DecisionTree",0.7,0.9367,0,0,0,0,281,4,15
11,0.05,1000,"Undersample","Logistic",0.3,0.4133,0.0503,0.6,0.0928,9,115,170,6
12,0.05,1000,"Undersample","Logistic",0.4,0.5633,0.0397,0.3333,0.0709,5,164,121,10
13,0.05,1000,"Undersample","Logistic",0.5,0.6933,0.0127,0.0667,0.0213,1,207,78,14
14,0.05,1000,"Undersample","Logistic",0.6,0.7767,0.0185,0.0667,0.029,1,232,53,14
15,0.05,1000,"Undersample","Logistic",0.7,0.8467,0.0303,0.0667,0.0417,1,253,32,14
16,0.05,1000,"Undersample","DecisionTree",0.3,0.7767,0.0806,0.3333,0.1298,5,228,57,10
17,0.05,1000,"Undersample","DecisionTree",0.4,0.7767,0.0806,0.3333,0.1298,5,228,57,10
18,0.05,1000,"Undersample","DecisionTree",0.5,0.7767,0.0806,0.3333,0.1298,5,228,57,10
19,0.05,1000,"Undersample","DecisionTree",0.6,0.7767,0.0806,0.3333,0.1298,5,228,57,10
20,0.05,1000,"Undersample","DecisionTree",0.7,0.7767,0.0806,0.3333,0.1298,5,228,57,10
21,0.05,1000,"SMOTE","Logistic",0.3,0.4233,0.0611,0.7333,0.1128,11,116,169,4
22,0.05,1000,"SMOTE","Logistic",0.4,0.6667,0.0619,0.4,0.1072,6,194,91,9
23,0.05,1000,"SMOTE","Logistic",0.5,0.8267,0.0488,0.1333,0.0714,2,246,39,13
24,0.05,1000,"SMOTE","Logistic",0.6,0.92,0.0909,0.0667,0.0769,1,275,10,14
25,0.05,1000,"SMOTE","Logistic",0.7,0.9467,0,0,0,0,284,1,15
26,0.05,1000,"SMOTE","DecisionTree",0.3,0.9367,0,0,0,0,281,4,15
27,0.05,1000,"SMOTE","DecisionTree",0.4,0.9367,0,0,0,0,281,4,15
28,0.05,1000,"SMOTE","DecisionTree",0.5,0.9367,0,0,0,0,281,4,15
29,0.05,1000,"SMOTE","DecisionTree",0.6,0.9367,0,0,0,0,281,4,15
30,0.05,1000,"SMOTE","DecisionTree",0.7,0.9367,0,0,0,0,281,4,15
31,0.05,2000,"None","Logistic",0.3,0.95,0,0,0,0,570,0,30
32,0.05,2000,"None","Logistic",0.4,0.95,0,0,0,0,570,0,30
33,0.05,2000,"None","Logistic",0.5,0.95,0,0,0,0,570,0,30
34,0.05,2000,"None","Logistic",0.6,0.95,0,0,0,0,570,0,30
35,0.05,2000,"None","Logistic",0.7,0.95,0,0,0,0,570,0,30
36,0.05,2000,"None","DecisionTree",0.3,0.9417,0,0,0,0,565,5,30
37,0.05,2000,"None","DecisionTree",0.4,0.9417,0,0,0,0,565,5,30
38,0.05,2000,"None","DecisionTree",0.5,0.9417,0,0,0,0,565,5,30
39,0.05,2000,"None","DecisionTree",0.6,0.9417,0,0,0,0,565,5,30
40,0.05,2000,"None","DecisionTree",0.7,0.9417,0,0,0,0,565,5,30
41,0.05,2000,"Undersample","Logistic",0.3,0.1517,0.049,0.8667,0.0928,26,65,505,4
42,0.05,2000,"Undersample","Logistic",0.4,0.3583,0.0366,0.4667,0.0679,14,201,369,16
43,0.05,2000,"Undersample","Logistic",0.5,0.6617,0.0324,0.2,0.0558,6,391,179,24
44,0.05,2000,"Undersample","Logistic",0.6,0.88,0.0625,0.1,0.0769,3,525,45,27
45,0.05,2000,"Undersample","Logistic",0.7,0.94,0,0,0,0,564,6,30
46,0.05,2000,"Undersample","DecisionTree",0.3,0.4517,0.0343,0.3667,0.0627,11,260,310,19
47,0.05,2000,"Undersample","DecisionTree",0.4,0.4517,0.0343,0.3667,0.0627,11,260,310,19
48,0.05,2000,"Undersample","DecisionTree",0.5,0.4517,0.0343,0.3667,0.0627,11,260,310,19
49,0.05,2000,"Undersample","DecisionTree",0.6,0.4517,0.0343,0.3667,0.0627,11,260,310,19
50,0.05,2000,"Undersample","DecisionTree",0.7,0.4517,0.0343,0.3667,0.0627,11,260,310,19
51,0.05,2000,"SMOTE","Logistic",0.3,0.285,0.0328,0.4667,0.0613,14,157,413,16
52,0.05,2000,"SMOTE","Logistic",0.4,0.54,0.0341,0.3,0.0612,9,315,255,21
53,0.05,2000,"SMOTE","Logistic",0.5,0.7817,0.0531,0.2,0.0839,6,463,107,24
54,0.05,2000,"SMOTE","Logistic",0.6,0.9083,0.037,0.0333,0.0351,1,544,26,29
55,0.05,2000,"SMOTE","Logistic",0.7,0.95,0.5,0.0333,0.0624,1,569,1,29
56,0.05,2000,"SMOTE","DecisionTree",0.3,0.95,0,0,0,0,570,0,30
57,0.05,2000,"SMOTE","DecisionTree",0.4,0.95,0,0,0,0,570,0,30
58,0.05,2000,"SMOTE","DecisionTree",0.5,0.95,0,0,0,0,570,0,30
59,0.05,2000,"SMOTE","DecisionTree",0.6,0.95,0,0,0,0,570,0,30
60,0.05,2000,"SMOTE","DecisionTree",0.7,0.95,0,0,0,0,570,0,30
61,0.05,3000,"None","Logistic",0.3,0.95,0,0,0,0,855,0,45
62,0.05,3000,"None","Logistic",0.4,0.95,0,0,0,0,855,0,45
63,0.05,3000,"None","Logistic",0.5,0.95,0,0,0,0,855,0,45
64,0.05,3000,"None","Logistic",0.6,0.95,0,0,0,0,855,0,45
65,0.05,3000,"None","Logistic",0.7,0.95,0,0,0,0,855,0,45
66,0.05,3000,"None","DecisionTree",0.3,0.95,0,0,0,0,855,0,45
67,0.05,3000,"None","DecisionTree",0.4,0.95,0,0,0,0,855,0,45
68,0.05,3000,"None","DecisionTree",0.5,0.95,0,0,0,0,855,0,45
69,0.05,3000,"None","DecisionTree",0.6,0.95,0,0,0,0,855,0,45
70,0.05,3000,"None","DecisionTree",0.7,0.95,0,0,0,0,855,0,45
71,0.05,3000,"Undersample","Logistic",0.3,0.1933,0.0514,0.8667,0.097,39,135,720,6
72,0.05,3000,"Undersample","Logistic",0.4,0.5167,0.0486,0.4667,0.088,21,444,411,24
73,0.05,3000,"Undersample","Logistic",0.5,0.7878,0.0549,0.2,0.0862,9,700,155,36
74,0.05,3000,"Undersample","Logistic",0.6,0.8722,0.027,0.0444,0.0336,2,783,72,43
75,0.05,3000,"Undersample","Logistic",0.7,0.8967,0.0385,0.0444,0.0412,2,805,50,43
76,0.05,3000,"Undersample","DecisionTree",0.3,0.5556,0.0551,0.4889,0.099,22,478,377,23
77,0.05,3000,"Undersample","DecisionTree",0.4,0.5556,0.0551,0.4889,0.099,22,478,377,23
78,0.05,3000,"Undersample","DecisionTree",0.5,0.5556,0.0551,0.4889,0.099,22,478,377,23
79,0.05,3000,"Undersample","DecisionTree",0.6,0.5556,0.0551,0.4889,0.099,22,478,377,23
80,0.05,3000,"Undersample","DecisionTree",0.7,0.5556,0.0551,0.4889,0.099,22,478,377,23
81,0.05,3000,"SMOTE","Logistic",0.3,0.1556,0.0514,0.9111,0.0973,41,99,756,4
82,0.05,3000,"SMOTE","Logistic",0.4,0.4567,0.0469,0.5111,0.0859,23,388,467,22
83,0.05,3000,"SMOTE","Logistic",0.5,0.6867,0.0528,0.3111,0.0903,14,604,251,31
84,0.05,3000,"SMOTE","Logistic",0.6,0.8411,0.0545,0.1333,0.0774,6,751,104,39
85,0.05,3000,"SMOTE","Logistic",0.7,0.9044,0.0233,0.0222,0.0227,1,813,42,44
86,0.05,3000,"SMOTE","DecisionTree",0.3,0.9367,0.0714,0.0222,0.0339,1,842,13,44
87,0.05,3000,"SMOTE","DecisionTree",0.4,0.9367,0.0714,0.0222,0.0339,1,842,13,44
88,0.05,3000,"SMOTE","DecisionTree",0.5,0.9367,0.0714,0.0222,0.0339,1,842,13,44
89,0.05,3000,"SMOTE","DecisionTree",0.6,0.9367,0.0714,0.0222,0.0339,1,842,13,44
90,0.05,3000,"SMOTE","DecisionTree",0.7,0.9367,0.0714,0.0222,0.0339,1,842,13,44
91,0.05,5000,"None","Logistic",0.3,0.95,0,0,0,0,1425,0,75
92,0.05,5000,"None","Logistic",0.4,0.95,0,0,0,0,1425,0,75
93,0.05,5000,"None","Logistic",0.5,0.95,0,0,0,0,1425,0,75
94,0.05,5000,"None","Logistic",0.6,0.95,0,0,0,0,1425,0,75
95,0.05,5000,"None","Logistic",0.7,0.95,0,0,0,0,1425,0,75
96,0.05,5000,"None","DecisionTree",0.3,0.95,0,0,0,0,1425,0,75
97,0.05,5000,"None","DecisionTree",0.4,0.95,0,0,0,0,1425,0,75
98,0.05,5000,"None","DecisionTree",0.5,0.95,0,0,0,0,1425,0,75
99,0.05,5000,"None","DecisionTree",0.6,0.95,0,0,0,0,1425,0,75
100,0.05,5000,"None","DecisionTree",0.7,0.95,0,0,0,0,1425,0,75
101,0.05,5000,"Undersample","Logistic",0.3,0.1927,0.0513,0.8667,0.0969,65,224,1201,10
102,0.05,5000,"Undersample","Logistic",0.4,0.4493,0.0514,0.5733,0.0943,43,631,794,32
103,0.05,5000,"Undersample","Logistic",0.5,0.7333,0.0596,0.2933,0.0991,22,1078,347,53
104,0.05,5000,"Undersample","Logistic",0.6,0.892,0.0323,0.04,0.0357,3,1335,90,72
105,0.05,5000,"Undersample","Logistic",0.7,0.9393,0.0556,0.0133,0.0215,1,1408,17,74
106,0.05,5000,"Undersample","DecisionTree",0.3,0.5067,0.0488,0.48,0.0886,36,724,701,39
107,0.05,5000,"Undersample","DecisionTree",0.4,0.5067,0.0488,0.48,0.0886,36,724,701,39
108,0.05,5000,"Undersample","DecisionTree",0.5,0.5067,0.0488,0.48,0.0886,36,724,701,39
109,0.05,5000,"Undersample","DecisionTree",0.6,0.5067,0.0488,0.48,0.0886,36,724,701,39
110,0.05,5000,"Undersample","DecisionTree",0.7,0.5067,0.0488,0.48,0.0886,36,724,701,39
111,0.05,5000,"SMOTE","Logistic",0.3,0.1187,0.0498,0.92,0.0945,69,109,1316,6
112,0.05,5000,"SMOTE","Logistic",0.4,0.4173,0.0526,0.6267,0.0971,47,579,846,28
113,0.05,5000,"SMOTE","Logistic",0.5,0.7507,0.0564,0.2533,0.0923,19,1107,318,56
114,0.05,5000,"SMOTE","Logistic",0.6,0.9053,0.0411,0.04,0.0405,3,1355,70,72
115,0.05,5000,"SMOTE","Logistic",0.7,0.948,0,0,0,0,1422,3,75
116,0.05,5000,"SMOTE","DecisionTree",0.3,0.9367,0.0455,0.0133,0.0206,1,1404,21,74
117,0.05,5000,"SMOTE","DecisionTree",0.4,0.9367,0.0455,0.0133,0.0206,1,1404,21,74
118,0.05,5000,"SMOTE","DecisionTree",0.5,0.9367,0.0455,0.0133,0.0206,1,1404,21,74
119,0.05,5000,"SMOTE","DecisionTree",0.6,0.9367,0.0455,0.0133,0.0206,1,1404,21,74
120,0.05,5000,"SMOTE","DecisionTree",0.7,0.95,0,0,0,0,1425,0,75
121,0.1,1000,"None","Logistic",0.3,0.9,0,0,0,0,270,0,30
122,0.1,1000,"None","Logistic",0.4,0.9,0,0,0,0,270,0,30
123,0.1,1000,"None","Logistic",0.5,0.9,0,0,0,0,270,0,30
124,0.1,1000,"None","Logistic",0.6,0.9,0,0,0,0,270,0,30
125,0.1,1000,"None","Logistic",0.7,0.9,0,0,0,0,270,0,30
126,0.1,1000,"None","DecisionTree",0.3,0.8933,0,0,0,0,268,2,30
127,0.1,1000,"None","DecisionTree",0.4,0.8933,0,0,0,0,268,2,30
128,0.1,1000,"None","DecisionTree",0.5,0.8933,0,0,0,0,268,2,30
129,0.1,1000,"None","DecisionTree",0.6,0.8933,0,0,0,0,268,2,30
130,0.1,1000,"None","DecisionTree",0.7,0.8933,0,0,0,0,268,2,30
131,0.1,1000,"Undersample","Logistic",0.3,0.1167,0.0962,0.9333,0.1744,28,7,263,2
132,0.1,1000,"Undersample","Logistic",0.4,0.23,0.083,0.6667,0.1476,20,49,221,10
133,0.1,1000,"Undersample","Logistic",0.5,0.54,0.097,0.4333,0.1585,13,149,121,17
134,0.1,1000,"Undersample","Logistic",0.6,0.7733,0.087,0.1333,0.1053,4,228,42,26
135,0.1,1000,"Undersample","Logistic",0.7,0.8933,0.25,0.0333,0.0588,1,267,3,29
136,0.1,1000,"Undersample","DecisionTree",0.3,0.35,0.0812,0.5333,0.1409,16,89,181,14
137,0.1,1000,"Undersample","DecisionTree",0.4,0.35,0.0812,0.5333,0.1409,16,89,181,14
138,0.1,1000,"Undersample","DecisionTree",0.5,0.35,0.0812,0.5333,0.1409,16,89,181,14
139,0.1,1000,"Undersample","DecisionTree",0.6,0.35,0.0812,0.5333,0.1409,16,89,181,14
140,0.1,1000,"Undersample","DecisionTree",0.7,0.35,0.0812,0.5333,0.1409,16,89,181,14
141,0.1,1000,"SMOTE","Logistic",0.3,0.1433,0.0961,0.9,0.1737,27,16,254,3
142,0.1,1000,"SMOTE","Logistic",0.4,0.42,0.0909,0.5333,0.1553,16,110,160,14
143,0.1,1000,"SMOTE","Logistic",0.5,0.7933,0.1667,0.2667,0.2052,8,230,40,22
144,0.1,1000,"SMOTE","Logistic",0.6,0.89,0,0,0,0,267,3,30
145,0.1,1000,"SMOTE","Logistic",0.7,0.9,0,0,0,0,270,0,30
146,0.1,1000,"SMOTE","DecisionTree",0.3,0.9,0,0,0,0,270,0,30
147,0.1,1000,"SMOTE","DecisionTree",0.4,0.9,0,0,0,0,270,0,30
148,0.1,1000,"SMOTE","DecisionTree",0.5,0.9,0,0,0,0,270,0,30
149,0.1,1000,"SMOTE","DecisionTree",0.6,0.9,0,0,0,0,270,0,30
150,0.1,1000,"SMOTE","DecisionTree",0.7,0.9,0,0,0,0,270,0,30
151,0.1,2000,"None","Logistic",0.3,0.9,0,0,0,0,540,0,60
152,0.1,2000,"None","Logistic",0.4,0.9,0,0,0,0,540,0,60
153,0.1,2000,"None","Logistic",0.5,0.9,0,0,0,0,540,0,60
154,0.1,2000,"None","Logistic",0.6,0.9,0,0,0,0,540,0,60
155,0.1,2000,"None","Logistic",0.7,0.9,0,0,0,0,540,0,60
156,0.1,2000,"None","DecisionTree",0.3,0.9,0,0,0,0,540,0,60
157,0.1,2000,"None","DecisionTree",0.4,0.9,0,0,0,0,540,0,60
158,0.1,2000,"None","DecisionTree",0.5,0.9,0,0,0,0,540,0,60
159,0.1,2000,"None","DecisionTree",0.6,0.9,0,0,0,0,540,0,60
160,0.1,2000,"None","DecisionTree",0.7,0.9,0,0,0,0,540,0,60
161,0.1,2000,"Undersample","Logistic",0.3,0.1617,0.0965,0.8833,0.174,53,44,496,7
162,0.1,2000,"Undersample","Logistic",0.4,0.375,0.0951,0.6167,0.1648,37,188,352,23
163,0.1,2000,"Undersample","Logistic",0.5,0.6733,0.118,0.35,0.1765,21,383,157,39
164,0.1,2000,"Undersample","Logistic",0.6,0.8233,0.04,0.0333,0.0363,2,492,48,58
165,0.1,2000,"Undersample","Logistic",0.7,0.895,0,0,0,0,537,3,60
166,0.1,2000,"Undersample","DecisionTree",0.3,0.6483,0.0585,0.1667,0.0866,10,379,161,50
167,0.1,2000,"Undersample","DecisionTree",0.4,0.6483,0.0585,0.1667,0.0866,10,379,161,50
168,0.1,2000,"Undersample","DecisionTree",0.5,0.6483,0.0585,0.1667,0.0866,10,379,161,50
169,0.1,2000,"Undersample","DecisionTree",0.6,0.6483,0.0585,0.1667,0.0866,10,379,161,50
170,0.1,2000,"Undersample","DecisionTree",0.7,0.8767,0.15,0.05,0.075,3,523,17,57
171,0.1,2000,"SMOTE","Logistic",0.3,0.25,0.0988,0.8,0.1759,48,102,438,12
172,0.1,2000,"SMOTE","Logistic",0.4,0.45,0.0982,0.55,0.1666,33,237,303,27
173,0.1,2000,"SMOTE","Logistic",0.5,0.6617,0.0914,0.2667,0.1361,16,381,159,44
174,0.1,2000,"SMOTE","Logistic",0.6,0.8117,0.0923,0.1,0.096,6,481,59,54
175,0.1,2000,"SMOTE","Logistic",0.7,0.8817,0.0769,0.0167,0.0274,1,528,12,59
176,0.1,2000,"SMOTE","DecisionTree",0.3,0.7317,0.096,0.2,0.1297,12,427,113,48
177,0.1,2000,"SMOTE","DecisionTree",0.4,0.8783,0.0667,0.0167,0.0267,1,526,14,59
178,0.1,2000,"SMOTE","DecisionTree",0.5,0.8783,0.0667,0.0167,0.0267,1,526,14,59
179,0.1,2000,"SMOTE","DecisionTree",0.6,0.8783,0.0667,0.0167,0.0267,1,526,14,59
180,0.1,2000,"SMOTE","DecisionTree",0.7,0.8783,0.0667,0.0167,0.0267,1,526,14,59
181,0.1,3000,"None","Logistic",0.3,0.9,0,0,0,0,810,0,90
182,0.1,3000,"None","Logistic",0.4,0.9,0,0,0,0,810,0,90
183,0.1,3000,"None","Logistic",0.5,0.9,0,0,0,0,810,0,90
184,0.1,3000,"None","Logistic",0.6,0.9,0,0,0,0,810,0,90
185,0.1,3000,"None","Logistic",0.7,0.9,0,0,0,0,810,0,90
186,0.1,3000,"None","DecisionTree",0.3,0.9,0,0,0,0,810,0,90
187,0.1,3000,"None","DecisionTree",0.4,0.9,0,0,0,0,810,0,90
188,0.1,3000,"None","DecisionTree",0.5,0.9,0,0,0,0,810,0,90
189,0.1,3000,"None","DecisionTree",0.6,0.9,0,0,0,0,810,0,90
190,0.1,3000,"None","DecisionTree",0.7,0.9,0,0,0,0,810,0,90
191,0.1,3000,"Undersample","Logistic",0.3,0.1222,0.1023,1,0.1856,90,20,790,0
192,0.1,3000,"Undersample","Logistic",0.4,0.4456,0.109,0.6333,0.186,57,344,466,33
193,0.1,3000,"Undersample","Logistic",0.5,0.7111,0.1171,0.2889,0.1667,26,614,196,64
194,0.1,3000,"Undersample","Logistic",0.6,0.8733,0.1,0.0333,0.05,3,783,27,87
195,0.1,3000,"Undersample","Logistic",0.7,0.8978,0,0,0,0,808,2,90
196,0.1,3000,"Undersample","DecisionTree",0.3,0.4022,0.1151,0.7444,0.1994,67,295,515,23
197,0.1,3000,"Undersample","DecisionTree",0.4,0.53,0.1172,0.5667,0.1942,51,426,384,39
198,0.1,3000,"Undersample","DecisionTree",0.5,0.53,0.1172,0.5667,0.1942,51,426,384,39
199,0.1,3000,"Undersample","DecisionTree",0.6,0.53,0.1172,0.5667,0.1942,51,426,384,39
200,0.1,3000,"Undersample","DecisionTree",0.7,0.5944,0.117,0.4667,0.1871,42,493,317,48
201,0.1,3000,"SMOTE","Logistic",0.3,0.1189,0.101,0.9889,0.1833,89,18,792,1
202,0.1,3000,"SMOTE","Logistic",0.4,0.3322,0.1087,0.7889,0.1911,71,228,582,19
203,0.1,3000,"SMOTE","Logistic",0.5,0.6756,0.1055,0.3,0.1561,27,581,229,63
204,0.1,3000,"SMOTE","Logistic",0.6,0.8556,0.1,0.0556,0.0715,5,765,45,85
205,0.1,3000,"SMOTE","Logistic",0.7,0.8978,0,0,0,0,808,2,90
206,0.1,3000,"SMOTE","DecisionTree",0.3,0.9,0,0,0,0,810,0,90
207,0.1,3000,"SMOTE","DecisionTree",0.4,0.9,0,0,0,0,810,0,90
208,0.1,3000,"SMOTE","DecisionTree",0.5,0.9,0,0,0,0,810,0,90
209,0.1,3000,"SMOTE","DecisionTree",0.6,0.9,0,0,0,0,810,0,90
210,0.1,3000,"SMOTE","DecisionTree",0.7,0.9,0,0,0,0,810,0,90
211,0.1,5000,"None","Logistic",0.3,0.9,0,0,0,0,1350,0,150
212,0.1,5000,"None","Logistic",0.4,0.9,0,0,0,0,1350,0,150
213,0.1,5000,"None","Logistic",0.5,0.9,0,0,0,0,1350,0,150
214,0.1,5000,"None","Logistic",0.6,0.9,0,0,0,0,1350,0,150
215,0.1,5000,"None","Logistic",0.7,0.9,0,0,0,0,1350,0,150
216,0.1,5000,"None","DecisionTree",0.3,0.9,0,0,0,0,1350,0,150
217,0.1,5000,"None","DecisionTree",0.4,0.9,0,0,0,0,1350,0,150
218,0.1,5000,"None","DecisionTree",0.5,0.9,0,0,0,0,1350,0,150
219,0.1,5000,"None","DecisionTree",0.6,0.9,0,0,0,0,1350,0,150
220,0.1,5000,"None","DecisionTree",0.7,0.9,0,0,0,0,1350,0,150
221,0.1,5000,"Undersample","Logistic",0.3,0.1007,0.0995,0.9933,0.1809,149,2,1348,1
222,0.1,5000,"Undersample","Logistic",0.4,0.248,0.1056,0.8733,0.1884,131,241,1109,19
223,0.1,5000,"Undersample","Logistic",0.5,0.6713,0.0907,0.2533,0.1336,38,969,381,112
224,0.1,5000,"Undersample","Logistic",0.6,0.8833,0.1429,0.0333,0.054,5,1320,30,145
225,0.1,5000,"Undersample","Logistic",0.7,0.8993,0,0,0,0,1349,1,150
226,0.1,5000,"Undersample","DecisionTree",0.3,0.1573,0.1004,0.9333,0.1813,140,96,1254,10
227,0.1,5000,"Undersample","DecisionTree",0.4,0.6367,0.1089,0.3667,0.1679,55,900,450,95
228,0.1,5000,"Undersample","DecisionTree",0.5,0.6367,0.1089,0.3667,0.1679,55,900,450,95
229,0.1,5000,"Undersample","DecisionTree",0.6,0.6647,0.1121,0.34,0.1686,51,946,404,99
230,0.1,5000,"Undersample","DecisionTree",0.7,0.8167,0.1118,0.12,0.1158,18,1207,143,132
231,0.1,5000,"SMOTE","Logistic",0.3,0.1,0.1,1,0.1818,150,0,1350,0
232,0.1,5000,"SMOTE","Logistic",0.4,0.1367,0.1005,0.96,0.182,144,61,1289,6
233,0.1,5000,"SMOTE","Logistic",0.5,0.558,0.0973,0.4133,0.1575,62,775,575,88
234,0.1,5000,"SMOTE","Logistic",0.6,0.8807,0.0857,0.02,0.0324,3,1318,32,147
235,0.1,5000,"SMOTE","Logistic",0.7,0.9,0,0,0,0,1350,0,150
236,0.1,5000,"SMOTE","DecisionTree",0.3,0.9,0,0,0,0,1350,0,150
237,0.1,5000,"SMOTE","DecisionTree",0.4,0.9,0,0,0,0,1350,0,150
238,0.1,5000,"SMOTE","DecisionTree",0.5,0.9,0,0,0,0,1350,0,150
239,0.1,5000,"SMOTE","DecisionTree",0.6,0.9,0,0,0,0,1350,0,150
240,0.1,5000,"SMOTE","DecisionTree",0.7,0.9,0,0,0,0,1350,0,150
241,0.2,1000,"None","Logistic",0.3,0.7533,0.1111,0.0333,0.0512,2,224,16,58
242,0.2,1000,"None","Logistic",0.4,0.7867,0,0,0,0,236,4,60
243,0.2,1000,"None","Logistic",0.5,0.8,0,0,0,0,240,0,60
244,0.2,1000,"None","Logistic",0.6,0.8,0,0,0,0,240,0,60
245,0.2,1000,"None","Logistic",0.7,0.8,0,0,0,0,240,0,60
246,0.2,1000,"None","DecisionTree",0.3,0.8,0,0,0,0,240,0,60
247,0.2,1000,"None","DecisionTree",0.4,0.8,0,0,0,0,240,0,60
248,0.2,1000,"None","DecisionTree",0.5,0.8,0,0,0,0,240,0,60
249,0.2,1000,"None","DecisionTree",0.6,0.8,0,0,0,0,240,0,60
250,0.2,1000,"None","DecisionTree",0.7,0.8,0,0,0,0,240,0,60
251,0.2,1000,"Undersample","Logistic",0.3,0.2267,0.2014,0.9667,0.3334,58,10,230,2
252,0.2,1000,"Undersample","Logistic",0.4,0.34,0.2,0.7667,0.3172,46,56,184,14
253,0.2,1000,"Undersample","Logistic",0.5,0.4933,0.1892,0.4667,0.2692,28,120,120,32
254,0.2,1000,"Undersample","Logistic",0.6,0.6633,0.194,0.2167,0.2047,13,186,54,47
255,0.2,1000,"Undersample","Logistic",0.7,0.76,0,0,0,0,228,12,60
256,0.2,1000,"Undersample","DecisionTree",0.3,0.4833,0.1895,0.4833,0.2723,29,116,124,31
257,0.2,1000,"Undersample","DecisionTree",0.4,0.4833,0.1895,0.4833,0.2723,29,116,124,31
258,0.2,1000,"Undersample","DecisionTree",0.5,0.4833,0.1895,0.4833,0.2723,29,116,124,31
259,0.2,1000,"Undersample","DecisionTree",0.6,0.4833,0.1895,0.4833,0.2723,29,116,124,31
260,0.2,1000,"Undersample","DecisionTree",0.7,0.4833,0.1895,0.4833,0.2723,29,116,124,31
261,0.2,1000,"SMOTE","Logistic",0.3,0.2167,0.2034,1,0.338,60,5,235,0
262,0.2,1000,"SMOTE","Logistic",0.4,0.3567,0.2218,0.8833,0.3546,53,54,186,7
263,0.2,1000,"SMOTE","Logistic",0.5,0.55,0.2,0.4167,0.2703,25,140,100,35
264,0.2,1000,"SMOTE","Logistic",0.6,0.7233,0.1892,0.1167,0.1444,7,210,30,53
265,0.2,1000,"SMOTE","Logistic",0.7,0.7667,0.0833,0.0167,0.0278,1,229,11,59
266,0.2,1000,"SMOTE","DecisionTree",0.3,0.7367,0.1481,0.0667,0.092,4,217,23,56
267,0.2,1000,"SMOTE","DecisionTree",0.4,0.7367,0.1481,0.0667,0.092,4,217,23,56
268,0.2,1000,"SMOTE","DecisionTree",0.5,0.7367,0.1481,0.0667,0.092,4,217,23,56
269,0.2,1000,"SMOTE","DecisionTree",0.6,0.7367,0.1481,0.0667,0.092,4,217,23,56
270,0.2,1000,"SMOTE","DecisionTree",0.7,0.79,0.2857,0.0333,0.0596,2,235,5,58
271,0.2,2000,"None","Logistic",0.3,0.7967,0,0,0,0,478,2,120
272,0.2,2000,"None","Logistic",0.4,0.8,0,0,0,0,480,0,120
273,0.2,2000,"None","Logistic",0.5,0.8,0,0,0,0,480,0,120
274,0.2,2000,"None","Logistic",0.6,0.8,0,0,0,0,480,0,120
275,0.2,2000,"None","Logistic",0.7,0.8,0,0,0,0,480,0,120
276,0.2,2000,"None","DecisionTree",0.3,0.8,0,0,0,0,480,0,120
277,0.2,2000,"None","DecisionTree",0.4,0.8,0,0,0,0,480,0,120
278,0.2,2000,"None","DecisionTree",0.5,0.8,0,0,0,0,480,0,120
279,0.2,2000,"None","DecisionTree",0.6,0.8,0,0,0,0,480,0,120
280,0.2,2000,"None","DecisionTree",0.7,0.8,0,0,0,0,480,0,120
281,0.2,2000,"Undersample","Logistic",0.3,0.2533,0.2029,0.9333,0.3333,112,40,440,8
282,0.2,2000,"Undersample","Logistic",0.4,0.4467,0.2088,0.6333,0.3141,76,192,288,44
283,0.2,2000,"Undersample","Logistic",0.5,0.6617,0.1926,0.2167,0.2039,26,371,109,94
284,0.2,2000,"Undersample","Logistic",0.6,0.7767,0.1818,0.0333,0.0563,4,462,18,116
285,0.2,2000,"Undersample","Logistic",0.7,0.8,0,0,0,0,480,0,120
286,0.2,2000,"Undersample","DecisionTree",0.3,0.3667,0.2005,0.725,0.3141,87,133,347,33
287,0.2,2000,"Undersample","DecisionTree",0.4,0.4233,0.2073,0.6667,0.3163,80,174,306,40
288,0.2,2000,"Undersample","DecisionTree",0.5,0.4233,0.2073,0.6667,0.3163,80,174,306,40
289,0.2,2000,"Undersample","DecisionTree",0.6,0.4233,0.2073,0.6667,0.3163,80,174,306,40
290,0.2,2000,"Undersample","DecisionTree",0.7,0.5,0.2097,0.5417,0.3024,65,235,245,55
291,0.2,2000,"SMOTE","Logistic",0.3,0.2017,0.2003,1,0.3337,120,1,479,0
292,0.2,2000,"SMOTE","Logistic",0.4,0.3933,0.2067,0.7167,0.3209,86,150,330,34
293,0.2,2000,"SMOTE","Logistic",0.5,0.6867,0.1964,0.1833,0.1896,22,390,90,98
294,0.2,2000,"SMOTE","Logistic",0.6,0.7933,0,0,0,0,476,4,120
295,0.2,2000,"SMOTE","Logistic",0.7,0.8,0,0,0,0,480,0,120
296,0.2,2000,"SMOTE","DecisionTree",0.3,0.6067,0.2238,0.3917,0.2848,47,317,163,73
297,0.2,2000,"SMOTE","DecisionTree",0.4,0.7817,0.2381,0.0417,0.071,5,464,16,115
298,0.2,2000,"SMOTE","DecisionTree",0.5,0.7817,0.2381,0.0417,0.071,5,464,16,115
299,0.2,2000,"SMOTE","DecisionTree",0.6,0.7817,0.2381,0.0417,0.071,5,464,16,115
300,0.2,2000,"SMOTE","DecisionTree",0.7,0.8,0,0,0,0,480,0,120
301,0.2,3000,"None","Logistic",0.3,0.8,0,0,0,0,720,0,180
302,0.2,3000,"None","Logistic",0.4,0.8,0,0,0,0,720,0,180
303,0.2,3000,"None","Logistic",0.5,0.8,0,0,0,0,720,0,180
304,0.2,3000,"None","Logistic",0.6,0.8,0,0,0,0,720,0,180
305,0.2,3000,"None","Logistic",0.7,0.8,0,0,0,0,720,0,180
306,0.2,3000,"None","DecisionTree",0.3,0.8,0,0,0,0,720,0,180
307,0.2,3000,"None","DecisionTree",0.4,0.8,0,0,0,0,720,0,180
308,0.2,3000,"None","DecisionTree",0.5,0.8,0,0,0,0,720,0,180
309,0.2,3000,"None","DecisionTree",0.6,0.8,0,0,0,0,720,0,180
310,0.2,3000,"None","DecisionTree",0.7,0.8,0,0,0,0,720,0,180
311,0.2,3000,"Undersample","Logistic",0.3,0.2,0.2,1,0.3333,180,0,720,0
312,0.2,3000,"Undersample","Logistic",0.4,0.2,0.2,1,0.3333,180,0,720,0
313,0.2,3000,"Undersample","Logistic",0.5,0.4978,0.1937,0.4778,0.2757,86,362,358,94
314,0.2,3000,"Undersample","Logistic",0.6,0.7989,0,0,0,0,719,1,180
315,0.2,3000,"Undersample","Logistic",0.7,0.8,0,0,0,0,720,0,180
316,0.2,3000,"Undersample","DecisionTree",0.3,0.2567,0.1985,0.8944,0.3249,161,70,650,19
317,0.2,3000,"Undersample","DecisionTree",0.4,0.5033,0.1931,0.4667,0.2732,84,369,351,96
318,0.2,3000,"Undersample","DecisionTree",0.5,0.5033,0.1931,0.4667,0.2732,84,369,351,96
319,0.2,3000,"Undersample","DecisionTree",0.6,0.5033,0.1931,0.4667,0.2732,84,369,351,96
320,0.2,3000,"Undersample","DecisionTree",0.7,0.7333,0.1939,0.1056,0.1367,19,641,79,161
321,0.2,3000,"SMOTE","Logistic",0.3,0.2,0.2,1,0.3333,180,0,720,0
322,0.2,3000,"SMOTE","Logistic",0.4,0.2044,0.2009,1,0.3346,180,4,716,0
323,0.2,3000,"SMOTE","Logistic",0.5,0.6467,0.1974,0.25,0.2206,45,537,183,135
324,0.2,3000,"SMOTE","Logistic",0.6,0.8,0,0,0,0,720,0,180
325,0.2,3000,"SMOTE","Logistic",0.7,0.8,0,0,0,0,720,0,180
326,0.2,3000,"SMOTE","DecisionTree",0.3,0.7089,0.2405,0.2111,0.2248,38,600,120,142
327,0.2,3000,"SMOTE","DecisionTree",0.4,0.8,0,0,0,0,720,0,180
328,0.2,3000,"SMOTE","DecisionTree",0.5,0.8,0,0,0,0,720,0,180
329,0.2,3000,"SMOTE","DecisionTree",0.6,0.8,0,0,0,0,720,0,180
330,0.2,3000,"SMOTE","DecisionTree",0.7,0.8,0,0,0,0,720,0,180
331,0.2,5000,"None","Logistic",0.3,0.8,0,0,0,0,1200,0,300
332,0.2,5000,"None","Logistic",0.4,0.8,0,0,0,0,1200,0,300
333,0.2,5000,"None","Logistic",0.5,0.8,0,0,0,0,1200,0,300
334,0.2,5000,"None","Logistic",0.6,0.8,0,0,0,0,1200,0,300
335,0.2,5000,"None","Logistic",0.7,0.8,0,0,0,0,1200,0,300
336,0.2,5000,"None","DecisionTree",0.3,0.8,0,0,0,0,1200,0,300
337,0.2,5000,"None","DecisionTree",0.4,0.8,0,0,0,0,1200,0,300
338,0.2,5000,"None","DecisionTree",0.5,0.8,0,0,0,0,1200,0,300
339,0.2,5000,"None","DecisionTree",0.6,0.8,0,0,0,0,1200,0,300
340,0.2,5000,"None","DecisionTree",0.7,0.8,0,0,0,0,1200,0,300
341,0.2,5000,"Undersample","Logistic",0.3,0.2,0.2,1,0.3333,300,0,1200,0
342,0.2,5000,"Undersample","Logistic",0.4,0.228,0.1992,0.9467,0.3291,284,58,1142,16
343,0.2,5000,"Undersample","Logistic",0.5,0.6167,0.1896,0.28,0.2261,84,841,359,216
344,0.2,5000,"Undersample","Logistic",0.6,0.7967,0,0,0,0,1195,5,300
345,0.2,5000,"Undersample","Logistic",0.7,0.8,0,0,0,0,1200,0,300
346,0.2,5000,"Undersample","DecisionTree",0.3,0.214,0.1967,0.95,0.3259,285,36,1164,15
347,0.2,5000,"Undersample","DecisionTree",0.4,0.2547,0.1961,0.88,0.3207,264,118,1082,36
348,0.2,5000,"Undersample","DecisionTree",0.5,0.6453,0.1995,0.2567,0.2245,77,891,309,223
349,0.2,5000,"Undersample","DecisionTree",0.6,0.722,0.1732,0.1033,0.1294,31,1052,148,269
350,0.2,5000,"Undersample","DecisionTree",0.7,0.7987,0.375,0.01,0.0195,3,1195,5,297
351,0.2,5000,"SMOTE","Logistic",0.3,0.2,0.2,1,0.3333,300,0,1200,0
352,0.2,5000,"SMOTE","Logistic",0.4,0.214,0.2016,0.99,0.335,297,24,1176,3
353,0.2,5000,"SMOTE","Logistic",0.5,0.5193,0.1962,0.4533,0.2739,136,643,557,164
354,0.2,5000,"SMOTE","Logistic",0.6,0.7907,0.0625,0.0033,0.0063,1,1185,15,299
355,0.2,5000,"SMOTE","Logistic",0.7,0.8,0,0,0,0,1200,0,300
356,0.2,5000,"SMOTE","DecisionTree",0.3,0.4593,0.212,0.6267,0.3168,188,501,699,112
357,0.2,5000,"SMOTE","DecisionTree",0.4,0.8,0,0,0,0,1200,0,300
358,0.2,5000,"SMOTE","DecisionTree",0.5,0.8,0,0,0,0,1200,0,300
359,0.2,5000,"SMOTE","DecisionTree",0.6,0.8,0,0,0,0,1200,0,300
360,0.2,5000,"SMOTE","DecisionTree",0.7,0.8,0,0,0,0,1200,0,300
361,0.3,1000,"None","Logistic",0.3,0.67,0.3448,0.1111,0.1681,10,191,19,80
362,0.3,1000,"None","Logistic",0.4,0.7,0,0,0,0,210,0,90
363,0.3,1000,"None","Logistic",0.5,0.7,0,0,0,0,210,0,90
364,0.3,1000,"None","Logistic",0.6,0.7,0,0,0,0,210,0,90
365,0.3,1000,"None","Logistic",0.7,0.7,0,0,0,0,210,0,90
366,0.3,1000,"None","DecisionTree",0.3,0.7,0,0,0,0,210,0,90
367,0.3,1000,"None","DecisionTree",0.4,0.7,0,0,0,0,210,0,90
368,0.3,1000,"None","DecisionTree",0.5,0.7,0,0,0,0,210,0,90
369,0.3,1000,"None","DecisionTree",0.6,0.7,0,0,0,0,210,0,90
370,0.3,1000,"None","DecisionTree",0.7,0.7,0,0,0,0,210,0,90
371,0.3,1000,"Undersample","Logistic",0.3,0.3133,0.3027,0.9889,0.4635,89,5,205,1
372,0.3,1000,"Undersample","Logistic",0.4,0.4167,0.3077,0.7556,0.4373,68,57,153,22
373,0.3,1000,"Undersample","Logistic",0.5,0.5867,0.2976,0.2778,0.2874,25,151,59,65
374,0.3,1000,"Undersample","Logistic",0.6,0.6733,0.3182,0.0778,0.125,7,195,15,83
375,0.3,1000,"Undersample","Logistic",0.7,0.7,0,0,0,0,210,0,90
376,0.3,1000,"Undersample","DecisionTree",0.3,0.5133,0.2879,0.4222,0.3424,38,116,94,52
377,0.3,1000,"Undersample","DecisionTree",0.4,0.5133,0.2879,0.4222,0.3424,38,116,94,52
378,0.3,1000,"Undersample","DecisionTree",0.5,0.5133,0.2879,0.4222,0.3424,38,116,94,52
379,0.3,1000,"Undersample","DecisionTree",0.6,0.5133,0.2879,0.4222,0.3424,38,116,94,52
380,0.3,1000,"Undersample","DecisionTree",0.7,0.5467,0.283,0.3333,0.3061,30,134,76,60
381,0.3,1000,"SMOTE","Logistic",0.3,0.38,0.3,0.8,0.4364,72,42,168,18
382,0.3,1000,"SMOTE","Logistic",0.4,0.55,0.2973,0.3667,0.3284,33,132,78,57
383,0.3,1000,"SMOTE","Logistic",0.5,0.67,0.3043,0.0778,0.1239,7,194,16,83
384,0.3,1000,"SMOTE","Logistic",0.6,0.6967,0,0,0,0,209,1,90
385,0.3,1000,"SMOTE","Logistic",0.7,0.7,0,0,0,0,210,0,90
386,0.3,1000,"SMOTE","DecisionTree",0.3,0.63,0.3019,0.1778,0.2238,16,173,37,74
387,0.3,1000,"SMOTE","DecisionTree",0.4,0.63,0.3019,0.1778,0.2238,16,173,37,74
388,0.3,1000,"SMOTE","DecisionTree",0.5,0.6833,0.3333,0.0556,0.0953,5,200,10,85
389,0.3,1000,"SMOTE","DecisionTree",0.6,0.6833,0.3333,0.0556,0.0953,5,200,10,85
390,0.3,1000,"SMOTE","DecisionTree",0.7,0.6833,0.3333,0.0556,0.0953,5,200,10,85
391,0.3,2000,"None","Logistic",0.3,0.555,0.2958,0.35,0.3206,63,270,150,117
392,0.3,2000,"None","Logistic",0.4,0.6967,0.25,0.0056,0.011,1,417,3,179
393,0.3,2000,"None","Logistic",0.5,0.7,0,0,0,0,420,0,180
394,0.3,2000,"None","Logistic",0.6,0.7,0,0,0,0,420,0,180
395,0.3,2000,"None","Logistic",0.7,0.7,0,0,0,0,420,0,180
396,0.3,2000,"None","DecisionTree",0.3,0.7,0,0,0,0,420,0,180
397,0.3,2000,"None","DecisionTree",0.4,0.7,0,0,0,0,420,0,180
398,0.3,2000,"None","DecisionTree",0.5,0.7,0,0,0,0,420,0,180
399,0.3,2000,"None","DecisionTree",0.6,0.7,0,0,0,0,420,0,180
400,0.3,2000,"None","DecisionTree",0.7,0.7,0,0,0,0,420,0,180
401,0.3,2000,"Undersample","Logistic",0.3,0.3,0.3,1,0.4615,180,0,420,0
402,0.3,2000,"Undersample","Logistic",0.4,0.3267,0.3069,0.9889,0.4684,178,18,402,2
403,0.3,2000,"Undersample","Logistic",0.5,0.5283,0.2731,0.3444,0.3046,62,255,165,118
404,0.3,2000,"Undersample","Logistic",0.6,0.6933,0.25,0.0111,0.0213,2,414,6,178
405,0.3,2000,"Undersample","Logistic",0.7,0.7,0,0,0,0,420,0,180
406,0.3,2000,"Undersample","DecisionTree",0.3,0.41,0.2792,0.6111,0.3833,110,136,284,70
407,0.3,2000,"Undersample","DecisionTree",0.4,0.41,0.2792,0.6111,0.3833,110,136,284,70
408,0.3,2000,"Undersample","DecisionTree",0.5,0.4683,0.2706,0.4556,0.3395,82,199,221,98
409,0.3,2000,"Undersample","DecisionTree",0.6,0.4967,0.2837,0.4444,0.3463,80,218,202,100
410,0.3,2000,"Undersample","DecisionTree",0.7,0.6417,0.3118,0.1611,0.2124,29,356,64,151
411,0.3,2000,"SMOTE","Logistic",0.3,0.3,0.3,1,0.4615,180,0,420,0
412,0.3,2000,"SMOTE","Logistic",0.4,0.3617,0.3059,0.8889,0.4552,160,57,363,20
413,0.3,2000,"SMOTE","Logistic",0.5,0.63,0.2667,0.1333,0.1778,24,354,66,156
414,0.3,2000,"SMOTE","Logistic",0.6,0.6983,0,0,0,0,419,1,180
415,0.3,2000,"SMOTE","Logistic",0.7,0.7,0,0,0,0,420,0,180
416,0.3,2000,"SMOTE","DecisionTree",0.3,0.3233,0.2915,0.8778,0.4377,158,36,384,22
417,0.3,2000,"SMOTE","DecisionTree",0.4,0.6283,0.3063,0.1889,0.2337,34,343,77,146
418,0.3,2000,"SMOTE","DecisionTree",0.5,0.7,0,0,0,0,420,0,180
419,0.3,2000,"SMOTE","DecisionTree",0.6,0.7,0,0,0,0,420,0,180
420,0.3,2000,"SMOTE","DecisionTree",0.7,0.7,0,0,0,0,420,0,180
421,0.3,3000,"None","Logistic",0.3,0.4489,0.3011,0.6333,0.4081,171,233,397,99
422,0.3,3000,"None","Logistic",0.4,0.7033,1,0.0111,0.022,3,630,0,267
423,0.3,3000,"None","Logistic",0.5,0.7,0,0,0,0,630,0,270
424,0.3,3000,"None","Logistic",0.6,0.7,0,0,0,0,630,0,270
425,0.3,3000,"None","Logistic",0.7,0.7,0,0,0,0,630,0,270
426,0.3,3000,"None","DecisionTree",0.3,0.7,0,0,0,0,630,0,270
427,0.3,3000,"None","DecisionTree",0.4,0.7,0,0,0,0,630,0,270
428,0.3,3000,"None","DecisionTree",0.5,0.7,0,0,0,0,630,0,270
429,0.3,3000,"None","DecisionTree",0.6,0.7,0,0,0,0,630,0,270
430,0.3,3000,"None","DecisionTree",0.7,0.7,0,0,0,0,630,0,270
431,0.3,3000,"Undersample","Logistic",0.3,0.3,0.3,1,0.4615,270,0,630,0
432,0.3,3000,"Undersample","Logistic",0.4,0.3,0.3,1,0.4615,270,0,630,0
433,0.3,3000,"Undersample","Logistic",0.5,0.53,0.2971,0.4148,0.3462,112,365,265,158
434,0.3,3000,"Undersample","Logistic",0.6,0.6978,0,0,0,0,628,2,270
435,0.3,3000,"Undersample","Logistic",0.7,0.7,0,0,0,0,630,0,270
436,0.3,3000,"Undersample","DecisionTree",0.3,0.3,0.3,1,0.4615,270,0,630,0
437,0.3,3000,"Undersample","DecisionTree",0.4,0.3478,0.2981,0.8667,0.4436,234,79,551,36
438,0.3,3000,"Undersample","DecisionTree",0.5,0.5878,0.2814,0.2407,0.2595,65,464,166,205
439,0.3,3000,"Undersample","DecisionTree",0.6,0.5878,0.2814,0.2407,0.2595,65,464,166,205
440,0.3,3000,"Undersample","DecisionTree",0.7,0.6489,0.287,0.1148,0.164,31,553,77,239
441,0.3,3000,"SMOTE","Logistic",0.3,0.3,0.3,1,0.4615,270,0,630,0
442,0.3,3000,"SMOTE","Logistic",0.4,0.3033,0.2974,0.9704,0.4553,262,11,619,8
443,0.3,3000,"SMOTE","Logistic",0.5,0.5922,0.3156,0.3074,0.3114,83,450,180,187
444,0.3,3000,"SMOTE","Logistic",0.6,0.7,0,0,0,0,630,0,270
445,0.3,3000,"SMOTE","Logistic",0.7,0.7,0,0,0,0,630,0,270
446,0.3,3000,"SMOTE","DecisionTree",0.3,0.4289,0.3045,0.7037,0.4251,190,196,434,80
447,0.3,3000,"SMOTE","DecisionTree",0.4,0.6556,0.2778,0.0926,0.1389,25,565,65,245
448,0.3,3000,"SMOTE","DecisionTree",0.5,0.6556,0.2778,0.0926,0.1389,25,565,65,245
449,0.3,3000,"SMOTE","DecisionTree",0.6,0.7,0,0,0,0,630,0,270
450,0.3,3000,"SMOTE","DecisionTree",0.7,0.7,0,0,0,0,630,0,270
451,0.3,5000,"None","Logistic",0.3,0.4047,0.3059,0.7756,0.4388,349,258,792,101
452,0.3,5000,"None","Logistic",0.4,0.7,0,0,0,0,1050,0,450
453,0.3,5000,"None","Logistic",0.5,0.7,0,0,0,0,1050,0,450
454,0.3,5000,"None","Logistic",0.6,0.7,0,0,0,0,1050,0,450
455,0.3,5000,"None","Logistic",0.7,0.7,0,0,0,0,1050,0,450
456,0.3,5000,"None","DecisionTree",0.3,0.7,0,0,0,0,1050,0,450
457,0.3,5000,"None","DecisionTree",0.4,0.7,0,0,0,0,1050,0,450
458,0.3,5000,"None","DecisionTree",0.5,0.7,0,0,0,0,1050,0,450
459,0.3,5000,"None","DecisionTree",0.6,0.7,0,0,0,0,1050,0,450
460,0.3,5000,"None","DecisionTree",0.7,0.7,0,0,0,0,1050,0,450
461,0.3,5000,"Undersample","Logistic",0.3,0.3,0.3,1,0.4615,450,0,1050,0
462,0.3,5000,"Undersample","Logistic",0.4,0.3,0.2995,0.9956,0.4605,448,2,1048,2
463,0.3,5000,"Undersample","Logistic",0.5,0.4673,0.2954,0.56,0.3868,252,449,601,198
464,0.3,5000,"Undersample","Logistic",0.6,0.7,0,0,0,0,1050,0,450
465,0.3,5000,"Undersample","Logistic",0.7,0.7,0,0,0,0,1050,0,450
466,0.3,5000,"Undersample","DecisionTree",0.3,0.3,0.3,1,0.4615,450,0,1050,0
467,0.3,5000,"Undersample","DecisionTree",0.4,0.3,0.3,1,0.4615,450,0,1050,0
468,0.3,5000,"Undersample","DecisionTree",0.5,0.4393,0.2927,0.6133,0.3963,276,383,667,174
469,0.3,5000,"Undersample","DecisionTree",0.6,0.7,0,0,0,0,1050,0,450
470,0.3,5000,"Undersample","DecisionTree",0.7,0.7,0,0,0,0,1050,0,450
471,0.3,5000,"SMOTE","Logistic",0.3,0.3,0.3,1,0.4615,450,0,1050,0
472,0.3,5000,"SMOTE","Logistic",0.4,0.3053,0.2995,0.9822,0.459,442,16,1034,8
473,0.3,5000,"SMOTE","Logistic",0.5,0.616,0.2994,0.2089,0.2461,94,830,220,356
474,0.3,5000,"SMOTE","Logistic",0.6,0.7,0,0,0,0,1050,0,450
475,0.3,5000,"SMOTE","Logistic",0.7,0.7,0,0,0,0,1050,0,450
476,0.3,5000,"SMOTE","DecisionTree",0.3,0.3,0.3,1,0.4615,450,0,1050,0
477,0.3,5000,"SMOTE","DecisionTree",0.4,0.7,0,0,0,0,1050,0,450
478,0.3,5000,"SMOTE","DecisionTree",0.5,0.7,0,0,0,0,1050,0,450
479,0.3,5000,"SMOTE","DecisionTree",0.6,0.7,0,0,0,0,1050,0,450
480,0.3,5000,"SMOTE","DecisionTree",0.7,0.7,0,0,0,0,1050,0,450
481,0.4,1000,"None","Logistic",0.3,0.4667,0.4213,0.8917,0.5722,107,33,147,13
482,0.4,1000,"None","Logistic",0.4,0.62,0.6071,0.1417,0.2298,17,169,11,103
483,0.4,1000,"None","Logistic",0.5,0.6,0,0,0,0,180,0,120
484,0.4,1000,"None","Logistic",0.6,0.6,0,0,0,0,180,0,120
485,0.4,1000,"None","Logistic",0.7,0.6,0,0,0,0,180,0,120
486,0.4,1000,"None","DecisionTree",0.3,0.4,0.4,1,0.5714,120,0,180,0
487,0.4,1000,"None","DecisionTree",0.4,0.6,0,0,0,0,180,0,120
488,0.4,1000,"None","DecisionTree",0.5,0.6,0,0,0,0,180,0,120
489,0.4,1000,"None","DecisionTree",0.6,0.6,0,0,0,0,180,0,120
490,0.4,1000,"None","DecisionTree",0.7,0.6,0,0,0,0,180,0,120
491,0.4,1000,"Undersample","Logistic",0.3,0.4,0.4,1,0.5714,120,0,180,0
492,0.4,1000,"Undersample","Logistic",0.4,0.49,0.4298,0.8417,0.569,101,46,134,19
493,0.4,1000,"Undersample","Logistic",0.5,0.5967,0.48,0.1,0.1655,12,167,13,108
494,0.4,1000,"Undersample","Logistic",0.6,0.6,0,0,0,0,180,0,120
495,0.4,1000,"Undersample","Logistic",0.7,0.6,0,0,0,0,180,0,120
496,0.4,1000,"Undersample","DecisionTree",0.3,0.4133,0.3915,0.8417,0.5344,101,23,157,19
497,0.4,1000,"Undersample","DecisionTree",0.4,0.4133,0.3915,0.8417,0.5344,101,23,157,19
498,0.4,1000,"Undersample","DecisionTree",0.5,0.5733,0.2143,0.025,0.0448,3,169,11,117
499,0.4,1000,"Undersample","DecisionTree",0.6,0.5733,0.2143,0.025,0.0448,3,169,11,117
500,0.4,1000,"Undersample","DecisionTree",0.7,0.5733,0.2143,0.025,0.0448,3,169,11,117
501,0.4,1000,"SMOTE","Logistic",0.3,0.4667,0.4213,0.8917,0.5722,107,33,147,13
502,0.4,1000,"SMOTE","Logistic",0.4,0.62,0.6071,0.1417,0.2298,17,169,11,103
503,0.4,1000,"SMOTE","Logistic",0.5,0.6,0,0,0,0,180,0,120
504,0.4,1000,"SMOTE","Logistic",0.6,0.6,0,0,0,0,180,0,120
505,0.4,1000,"SMOTE","Logistic",0.7,0.6,0,0,0,0,180,0,120
506,0.4,1000,"SMOTE","DecisionTree",0.3,0.4,0.4,1,0.5714,120,0,180,0
507,0.4,1000,"SMOTE","DecisionTree",0.4,0.6,0,0,0,0,180,0,120
508,0.4,1000,"SMOTE","DecisionTree",0.5,0.6,0,0,0,0,180,0,120
509,0.4,1000,"SMOTE","DecisionTree",0.6,0.6,0,0,0,0,180,0,120
510,0.4,1000,"SMOTE","DecisionTree",0.7,0.6,0,0,0,0,180,0,120
511,0.4,2000,"None","Logistic",0.3,0.3983,0.399,0.9958,0.5697,239,0,360,1
512,0.4,2000,"None","Logistic",0.4,0.4533,0.4005,0.7375,0.5191,177,95,265,63
513,0.4,2000,"None","Logistic",0.5,0.6,0.5,0.0458,0.0839,11,349,11,229
514,0.4,2000,"None","Logistic",0.6,0.6,0,0,0,0,360,0,240
515,0.4,2000,"None","Logistic",0.7,0.6,0,0,0,0,360,0,240
516,0.4,2000,"None","DecisionTree",0.3,0.4067,0.3975,0.9375,0.5583,225,19,341,15
517,0.4,2000,"None","DecisionTree",0.4,0.5633,0.3226,0.0833,0.1324,20,318,42,220
518,0.4,2000,"None","DecisionTree",0.5,0.5633,0.3226,0.0833,0.1324,20,318,42,220
519,0.4,2000,"None","DecisionTree",0.6,0.5633,0.3226,0.0833,0.1324,20,318,42,220
520,0.4,2000,"None","DecisionTree",0.7,0.5633,0.3226,0.0833,0.1324,20,318,42,220
521,0.4,2000,"Undersample","Logistic",0.3,0.4,0.4,1,0.5714,240,0,360,0
522,0.4,2000,"Undersample","Logistic",0.4,0.4,0.3997,0.9958,0.5704,239,1,359,1
523,0.4,2000,"Undersample","Logistic",0.5,0.465,0.4029,0.7,0.5114,168,111,249,72
524,0.4,2000,"Undersample","Logistic",0.6,0.5917,0.4444,0.0833,0.1403,20,335,25,220
525,0.4,2000,"Undersample","Logistic",0.7,0.5983,0,0,0,0,359,1,240
526,0.4,2000,"Undersample","DecisionTree",0.3,0.3983,0.3976,0.9792,0.5656,235,4,356,5
527,0.4,2000,"Undersample","DecisionTree",0.4,0.395,0.39,0.9083,0.5457,218,19,341,22
528,0.4,2000,"Undersample","DecisionTree",0.5,0.495,0.4097,0.5958,0.4855,143,154,206,97
529,0.4,2000,"Undersample","DecisionTree",0.6,0.5683,0.4403,0.2917,0.3509,70,271,89,170
530,0.4,2000,"Undersample","DecisionTree",0.7,0.565,0.36,0.1125,0.1714,27,312,48,213
531,0.4,2000,"SMOTE","Logistic",0.3,0.3983,0.399,0.9958,0.5697,239,0,360,1
532,0.4,2000,"SMOTE","Logistic",0.4,0.4533,0.4005,0.7375,0.5191,177,95,265,63
533,0.4,2000,"SMOTE","Logistic",0.5,0.6,0.5,0.0458,0.0839,11,349,11,229
534,0.4,2000,"SMOTE","Logistic",0.6,0.6,0,0,0,0,360,0,240
535,0.4,2000,"SMOTE","Logistic",0.7,0.6,0,0,0,0,360,0,240
536,0.4,2000,"SMOTE","DecisionTree",0.3,0.4067,0.3975,0.9375,0.5583,225,19,341,15
537,0.4,2000,"SMOTE","DecisionTree",0.4,0.5633,0.3226,0.0833,0.1324,20,318,42,220
538,0.4,2000,"SMOTE","DecisionTree",0.5,0.5633,0.3226,0.0833,0.1324,20,318,42,220
539,0.4,2000,"SMOTE","DecisionTree",0.6,0.5633,0.3226,0.0833,0.1324,20,318,42,220
540,0.4,2000,"SMOTE","DecisionTree",0.7,0.5633,0.3226,0.0833,0.1324,20,318,42,220
541,0.4,3000,"None","Logistic",0.3,0.3989,0.3993,0.9972,0.5703,359,0,540,1
542,0.4,3000,"None","Logistic",0.4,0.5256,0.4121,0.4361,0.4238,157,316,224,203
543,0.4,3000,"None","Logistic",0.5,0.6,0,0,0,0,540,0,360
544,0.4,3000,"None","Logistic",0.6,0.6,0,0,0,0,540,0,360
545,0.4,3000,"None","Logistic",0.7,0.6,0,0,0,0,540,0,360
546,0.4,3000,"None","DecisionTree",0.3,0.4,0.4,1,0.5714,360,0,540,0
547,0.4,3000,"None","DecisionTree",0.4,0.6,0,0,0,0,540,0,360
548,0.4,3000,"None","DecisionTree",0.5,0.6,0,0,0,0,540,0,360
549,0.4,3000,"None","DecisionTree",0.6,0.6,0,0,0,0,540,0,360
550,0.4,3000,"None","DecisionTree",0.7,0.6,0,0,0,0,540,0,360
551,0.4,3000,"Undersample","Logistic",0.3,0.4,0.4,1,0.5714,360,0,540,0
552,0.4,3000,"Undersample","Logistic",0.4,0.4022,0.4009,1,0.5723,360,2,538,0
553,0.4,3000,"Undersample","Logistic",0.5,0.54,0.4062,0.325,0.3611,117,369,171,243
554,0.4,3000,"Undersample","Logistic",0.6,0.6,0,0,0,0,540,0,360
555,0.4,3000,"Undersample","Logistic",0.7,0.6,0,0,0,0,540,0,360
556,0.4,3000,"Undersample","DecisionTree",0.3,0.4,0.4,1,0.5714,360,0,540,0
557,0.4,3000,"Undersample","DecisionTree",0.4,0.4,0.4,1,0.5714,360,0,540,0
558,0.4,3000,"Undersample","DecisionTree",0.5,0.58,0.3548,0.0611,0.1042,22,500,40,338
559,0.4,3000,"Undersample","DecisionTree",0.6,0.58,0.3548,0.0611,0.1042,22,500,40,338
560,0.4,3000,"Undersample","DecisionTree",0.7,0.58,0.3548,0.0611,0.1042,22,500,40,338
561,0.4,3000,"SMOTE","Logistic",0.3,0.3989,0.3993,0.9972,0.5703,359,0,540,1
562,0.4,3000,"SMOTE","Logistic",0.4,0.5256,0.4121,0.4361,0.4238,157,316,224,203
563,0.4,3000,"SMOTE","Logistic",0.5,0.6,0,0,0,0,540,0,360
564,0.4,3000,"SMOTE","Logistic",0.6,0.6,0,0,0,0,540,0,360
565,0.4,3000,"SMOTE","Logistic",0.7,0.6,0,0,0,0,540,0,360
566,0.4,3000,"SMOTE","DecisionTree",0.3,0.4,0.4,1,0.5714,360,0,540,0
567,0.4,3000,"SMOTE","DecisionTree",0.4,0.6,0,0,0,0,540,0,360
568,0.4,3000,"SMOTE","DecisionTree",0.5,0.6,0,0,0,0,540,0,360
569,0.4,3000,"SMOTE","DecisionTree",0.6,0.6,0,0,0,0,540,0,360
570,0.4,3000,"SMOTE","DecisionTree",0.7,0.6,0,0,0,0,540,0,360
571,0.4,5000,"None","Logistic",0.3,0.4,0.4,1,0.5714,600,0,900,0
572,0.4,5000,"None","Logistic",0.4,0.486,0.3943,0.5317,0.4528,319,410,490,281
573,0.4,5000,"None","Logistic",0.5,0.6,0.5,0.0017,0.0034,1,899,1,599
574,0.4,5000,"None","Logistic",0.6,0.6,0,0,0,0,900,0,600
575,0.4,5000,"None","Logistic",0.7,0.6,0,0,0,0,900,0,600
576,0.4,5000,"None","DecisionTree",0.3,0.4,0.4,1,0.5714,600,0,900,0
577,0.4,5000,"None","DecisionTree",0.4,0.5907,0.3333,0.0233,0.0436,14,872,28,586
578,0.4,5000,"None","DecisionTree",0.5,0.5907,0.3333,0.0233,0.0436,14,872,28,586
579,0.4,5000,"None","DecisionTree",0.6,0.6,0,0,0,0,900,0,600
580,0.4,5000,"None","DecisionTree",0.7,0.6,0,0,0,0,900,0,600
581,0.4,5000,"Undersample","Logistic",0.3,0.4,0.4,1,0.5714,600,0,900,0
582,0.4,5000,"Undersample","Logistic",0.4,0.4013,0.4003,0.9967,0.5712,598,4,896,2
583,0.4,5000,"Undersample","Logistic",0.5,0.4967,0.3904,0.46,0.4224,276,469,431,324
584,0.4,5000,"Undersample","Logistic",0.6,0.6013,0.6667,0.0067,0.0133,4,898,2,596
585,0.4,5000,"Undersample","Logistic",0.7,0.6,0,0,0,0,900,0,600
586,0.4,5000,"Undersample","DecisionTree",0.3,0.4,0.4,1,0.5714,600,0,900,0
587,0.4,5000,"Undersample","DecisionTree",0.4,0.4,0.4,1,0.5714,600,0,900,0
588,0.4,5000,"Undersample","DecisionTree",0.5,0.5053,0.3844,0.3933,0.3888,236,522,378,364
589,0.4,5000,"Undersample","DecisionTree",0.6,0.5907,0.3333,0.0233,0.0436,14,872,28,586
590,0.4,5000,"Undersample","DecisionTree",0.7,0.6,0,0,0,0,900,0,600
591,0.4,5000,"SMOTE","Logistic",0.3,0.4,0.4,1,0.5714,600,0,900,0
592,0.4,5000,"SMOTE","Logistic",0.4,0.486,0.3943,0.5317,0.4528,319,410,490,281
593,0.4,5000,"SMOTE","Logistic",0.5,0.6,0.5,0.0017,0.0034,1,899,1,599
594,0.4,5000,"SMOTE","Logistic",0.6,0.6,0,0,0,0,900,0,600
595,0.4,5000,"SMOTE","Logistic",0.7,0.6,0,0,0,0,900,0,600
596,0.4,5000,"SMOTE","DecisionTree",0.3,0.4,0.4,1,0.5714,600,0,900,0
597,0.4,5000,"SMOTE","DecisionTree",0.4,0.5907,0.3333,0.0233,0.0436,14,872,28,586
598,0.4,5000,"SMOTE","DecisionTree",0.5,0.5907,0.3333,0.0233,0.0436,14,872,28,586
599,0.4,5000,"SMOTE","DecisionTree",0.6,0.6,0,0,0,0,900,0,600
600,0.4,5000,"SMOTE","DecisionTree",0.7,0.6,0,0,0,0,900,0,600
